,track.name,danceability,energy,key,loudness,mode,speechiness,acousticness,instrumentalness,liveness,valence,tempo,type,id,uri,track_href,analysis_url,duration_ms,time_signature,track_number_inlist,minutestamp,original_playlist,PC0,PC1
0,A Model of the Universe,0.336,0.044,7,-29.255,0,0.0456,0.982,0.96,0.221,0.0666,90.243,audio_features,5ay0cvjtVAbMLOe8gTadFh,spotify:track:5ay0cvjtVAbMLOe8gTadFh,https://api.spotify.com/v1/tracks/5ay0cvjtVAbMLOe8gTadFh,https://api.spotify.com/v1/audio-analysis/5ay0cvjtVAbMLOe8gTadFh,172444,4,1,2.8740666666666668,PCP_Marathon,6.0722206732412625,1.6692276381595574
1,Experience,0.447,0.449,2,-10.634,1,0.0376,0.934,0.961,0.0697,0.036,92.468,audio_features,1BncfTJAWxrsxyT9culBrj,spotify:track:1BncfTJAWxrsxyT9culBrj,https://api.spotify.com/v1/tracks/1BncfTJAWxrsxyT9culBrj,https://api.spotify.com/v1/audio-analysis/1BncfTJAWxrsxyT9culBrj,315427,4,2,8.131183333333333,PCP_Marathon,3.299471203812974,0.3721809712208628
2,"Tchaikovsky: Swan Lake, Op. 20, Act II: No. 10, Scene. Moderato",0.136,0.164,4,-18.756,0,0.0364,0.911,0.916,0.109,0.071,58.303,audio_features,2xizRhme7pYeITbH1NLLGt,spotify:track:2xizRhme7pYeITbH1NLLGt,https://api.spotify.com/v1/tracks/2xizRhme7pYeITbH1NLLGt,https://api.spotify.com/v1/audio-analysis/2xizRhme7pYeITbH1NLLGt,166867,4,3,10.9123,PCP_Marathon,5.379774732252834,1.3654672672586001
3,La Vida Es Bella - La Vida Es Bella,0.305,0.46,2,-9.463,1,0.0295,0.00468,0.38,0.0777,0.41,128.414,audio_features,5sgRJe0Z1ol9wvSSsXcGaf,spotify:track:5sgRJe0Z1ol9wvSSsXcGaf,https://api.spotify.com/v1/tracks/5sgRJe0Z1ol9wvSSsXcGaf,https://api.spotify.com/v1/audio-analysis/5sgRJe0Z1ol9wvSSsXcGaf,169333,4,4,13.734516666666666,PCP_Marathon,1.2305011502547198,-1.1274013374192275
4,I'm on Fire,0.307,0.136,3,-12.474,1,0.0341,0.928,0.0122,0.109,0.166,110.01,audio_features,7uMVMpAmxxq44QskyMoUU9,spotify:track:7uMVMpAmxxq44QskyMoUU9,https://api.spotify.com/v1/tracks/7uMVMpAmxxq44QskyMoUU9,https://api.spotify.com/v1/audio-analysis/7uMVMpAmxxq44QskyMoUU9,164323,3,5,16.473233333333333,PCP_Marathon,3.1702194667640673,0.7337691240086247
5,Confieso,0.476,0.244,9,-8.361,1,0.0997,0.915,0.0,0.0975,0.36,177.688,audio_features,44kI7aJvJAYJkREVk0Rmei,spotify:track:44kI7aJvJAYJkREVk0Rmei,https://api.spotify.com/v1/tracks/44kI7aJvJAYJkREVk0Rmei,https://api.spotify.com/v1/audio-analysis/44kI7aJvJAYJkREVk0Rmei,224227,4,6,20.21035,PCP_Marathon,1.4469902314041616,-0.09183480913370379
6,Youth,0.4,0.525,0,-11.294,1,0.0435,0.887,0.00543,0.117,0.408,146.977,audio_features,4AmcmraFjVzFb9SQDNTRyl,spotify:track:4AmcmraFjVzFb9SQDNTRyl,https://api.spotify.com/v1/tracks/4AmcmraFjVzFb9SQDNTRyl,https://api.spotify.com/v1/audio-analysis/4AmcmraFjVzFb9SQDNTRyl,253013,4,7,24.427233333333334,PCP_Marathon,1.5744523596388422,-0.021550976294001368
7,To Love Somebody,0.583,0.598,11,-6.711,1,0.0262,0.0558,1.52e-05,0.0988,0.796,85.625,audio_features,7mjBKozKUvm61MhNTyuFnZ,spotify:track:7mjBKozKUvm61MhNTyuFnZ,https://api.spotify.com/v1/tracks/7mjBKozKUvm61MhNTyuFnZ,https://api.spotify.com/v1/audio-analysis/7mjBKozKUvm61MhNTyuFnZ,206573,4,8,27.870116666666668,PCP_Marathon,-0.5547133966911868,-0.03571741948853693
8,What About Us,0.426,0.128,8,-11.813,1,0.0392,0.711,0.00297,0.185,0.207,148.952,audio_features,2lQgiAms2b5vLQMZZ0ypQk,spotify:track:2lQgiAms2b5vLQMZZ0ypQk,https://api.spotify.com/v1/tracks/2lQgiAms2b5vLQMZZ0ypQk,https://api.spotify.com/v1/audio-analysis/2lQgiAms2b5vLQMZZ0ypQk,291213,5,9,32.72366666666667,PCP_Marathon,2.263635495533862,0.13376830245033855
9,Sign of the Times - Stripped,0.534,0.251,0,-11.58,1,0.0351,0.881,0.596,0.143,0.298,113.983,audio_features,0uaJBwwtP6FMqdDpHYNOk0,spotify:track:0uaJBwwtP6FMqdDpHYNOk0,https://api.spotify.com/v1/tracks/0uaJBwwtP6FMqdDpHYNOk0,https://api.spotify.com/v1/audio-analysis/0uaJBwwtP6FMqdDpHYNOk0,159454,4,10,35.381233333333334,PCP_Marathon,2.6418053269232016,0.5498806972273976
10,Heroes - 2017 Remaster,0.489,0.758,7,-6.491,1,0.0297,0.000678,0.49,0.092,0.435,112.113,audio_features,7Jh1bpe76CNTCgdgAdBw4Z,spotify:track:7Jh1bpe76CNTCgdgAdBw4Z,https://api.spotify.com/v1/tracks/7Jh1bpe76CNTCgdgAdBw4Z,https://api.spotify.com/v1/audio-analysis/7Jh1bpe76CNTCgdgAdBw4Z,371413,4,11,41.57145,PCP_Marathon,0.09138623730563841,-0.9986174529810302
11,Seventeen,0.538,0.774,5,-7.359,1,0.0484,0.0164,0.265,0.0685,0.249,127.107,audio_features,5jZoYp0P8ML7AxkS3tQz3j,spotify:track:5jZoYp0P8ML7AxkS3tQz3j,https://api.spotify.com/v1/tracks/5jZoYp0P8ML7AxkS3tQz3j,https://api.spotify.com/v1/audio-analysis/5jZoYp0P8ML7AxkS3tQz3j,265920,4,12,46.00345,PCP_Marathon,-0.01464221366522309,-1.1583593215097117
12,Cross Your Mind,0.33,0.554,9,-6.528,1,0.0547,0.0942,0.0,0.0847,0.235,169.112,audio_features,5sPaFuUttXaGeMhq1HKJG5,spotify:track:5sPaFuUttXaGeMhq1HKJG5,https://api.spotify.com/v1/tracks/5sPaFuUttXaGeMhq1HKJG5,https://api.spotify.com/v1/audio-analysis/5sPaFuUttXaGeMhq1HKJG5,212950,4,13,49.552616666666665,PCP_Marathon,0.3987433837477949,-1.574239440445707
13,The Way You Loved Me,0.532,0.328,11,-6.162,1,0.039,0.865,0.0,0.146,0.355,72.635,audio_features,1NBEcEUStjcu8hTju9rSUk,spotify:track:1NBEcEUStjcu8hTju9rSUk,https://api.spotify.com/v1/tracks/1NBEcEUStjcu8hTju9rSUk,https://api.spotify.com/v1/audio-analysis/1NBEcEUStjcu8hTju9rSUk,193256,4,14,52.77355,PCP_Marathon,1.454459124526871,1.394044581643528
14,Wrecking Ball,0.53,0.422,5,-6.262,1,0.0342,0.407,0.0,0.107,0.349,119.964,audio_features,2vwlzO0Qp8kfEtzTsCXfyE,spotify:track:2vwlzO0Qp8kfEtzTsCXfyE,https://api.spotify.com/v1/tracks/2vwlzO0Qp8kfEtzTsCXfyE,https://api.spotify.com/v1/audio-analysis/2vwlzO0Qp8kfEtzTsCXfyE,221360,4,15,56.46288333333333,PCP_Marathon,0.6142372819770646,-0.22621462498651845
15,Fingers Crossed,0.56,0.473,5,-7.23,1,0.0533,0.618,0.0,0.31,0.441,109.414,audio_features,3yMC1KsTwh0ceXdIe4QQAQ,spotify:track:3yMC1KsTwh0ceXdIe4QQAQ,https://api.spotify.com/v1/tracks/3yMC1KsTwh0ceXdIe4QQAQ,https://api.spotify.com/v1/audio-analysis/3yMC1KsTwh0ceXdIe4QQAQ,175345,4,16,59.3853,PCP_Marathon,0.4773717635199973,1.1173952800786844
16,Only Love Can Hurt Like This,0.566,0.885,8,-4.528,1,0.0818,0.0958,9.97e-05,0.334,0.304,90.99,audio_features,62ke5zFUJN6RvtXZgVH0F8,spotify:track:62ke5zFUJN6RvtXZgVH0F8,https://api.spotify.com/v1/tracks/62ke5zFUJN6RvtXZgVH0F8,https://api.spotify.com/v1/audio-analysis/62ke5zFUJN6RvtXZgVH0F8,232893,4,17,63.26685,PCP_Marathon,-0.9893971832578603,0.7933111221119563
17,De Momento Abril,0.71,0.658,1,-8.31,1,0.0285,0.0358,0.00913,0.147,0.929,100.017,audio_features,1kjJLQhV2NDCWCf0ParWAJ,spotify:track:1kjJLQhV2NDCWCf0ParWAJ,https://api.spotify.com/v1/tracks/1kjJLQhV2NDCWCf0ParWAJ,https://api.spotify.com/v1/audio-analysis/1kjJLQhV2NDCWCf0ParWAJ,184480,3,18,66.34151666666666,PCP_Marathon,-1.0911499841819732,-0.05155137332287276
18,Whole Wide World - Unpeeled,0.405,0.751,5,-3.608,1,0.0392,0.377,0.0,0.0958,0.762,120.807,audio_features,5atlAt28h9xM5wxPspr5MU,spotify:track:5atlAt28h9xM5wxPspr5MU,https://api.spotify.com/v1/tracks/5atlAt28h9xM5wxPspr5MU,https://api.spotify.com/v1/audio-analysis/5atlAt28h9xM5wxPspr5MU,205707,4,19,69.76996666666666,PCP_Marathon,-0.5220919326249148,-0.4212833948456145
19,El amor después del amor,0.641,0.797,7,-6.536,1,0.0431,0.00357,3.25e-05,0.0279,0.655,94.884,audio_features,1PQzZbitOJ6XPFg7FFzsKQ,spotify:track:1PQzZbitOJ6XPFg7FFzsKQ,https://api.spotify.com/v1/tracks/1PQzZbitOJ6XPFg7FFzsKQ,https://api.spotify.com/v1/audio-analysis/1PQzZbitOJ6XPFg7FFzsKQ,311893,4,20,74.96818333333333,PCP_Marathon,-0.9558172600970964,-0.5484049187907678
20,Ámame Hasta Con Los Dientes,0.575,0.877,0,-4.946,1,0.0455,0.063,0.0,0.137,0.775,76.857,audio_features,5DUwHccvudaVW3Fq6pQIvm,spotify:track:5DUwHccvudaVW3Fq6pQIvm,https://api.spotify.com/v1/tracks/5DUwHccvudaVW3Fq6pQIvm,https://api.spotify.com/v1/audio-analysis/5DUwHccvudaVW3Fq6pQIvm,174600,4,21,77.87818333333334,PCP_Marathon,-1.2303101057862798,0.2029676195163304
21,Come On Eileen,0.45,0.656,2,-7.049,1,0.0472,0.664,3.02e-06,0.259,0.782,106.61,audio_features,3MrWxJaD2AT0W9DjWF64Vm,spotify:track:3MrWxJaD2AT0W9DjWF64Vm,https://api.spotify.com/v1/tracks/3MrWxJaD2AT0W9DjWF64Vm,https://api.spotify.com/v1/audio-analysis/3MrWxJaD2AT0W9DjWF64Vm,287307,4,22,82.66663333333334,PCP_Marathon,0.08628210948732093,0.966280912694153
22,Ya Lo Veía Venir,0.492,0.76,2,-6.388,1,0.0312,0.0169,0.00087,0.201,0.642,166.018,audio_features,55TzaicixkSM6XT23JvIZA,spotify:track:55TzaicixkSM6XT23JvIZA,https://api.spotify.com/v1/tracks/55TzaicixkSM6XT23JvIZA,https://api.spotify.com/v1/audio-analysis/55TzaicixkSM6XT23JvIZA,224225,4,23,86.40371666666667,PCP_Marathon,-1.0125494659824863,-1.2981138613165117
23,19 Dias y 500 Noches - En Directo,0.572,0.899,4,-6.485,1,0.58,0.52,0.0,0.692,0.552,86.472,audio_features,3LXFi1Xk9qJsYXYEjDcuVH,spotify:track:3LXFi1Xk9qJsYXYEjDcuVH,https://api.spotify.com/v1/tracks/3LXFi1Xk9qJsYXYEjDcuVH,https://api.spotify.com/v1/audio-analysis/3LXFi1Xk9qJsYXYEjDcuVH,319053,4,24,91.72126666666666,PCP_Marathon,-2.073567164847903,6.422034379458539
24,Pégate (MTV Unplugged Version)[Radio Edit],0.553,0.932,9,-4.683,0,0.122,0.431,0.0,0.752,0.672,135.572,audio_features,6derJzyW5gcu125FpbsReh,spotify:track:6derJzyW5gcu125FpbsReh,https://api.spotify.com/v1/tracks/6derJzyW5gcu125FpbsReh,https://api.spotify.com/v1/audio-analysis/6derJzyW5gcu125FpbsReh,245027,4,25,95.80505,PCP_Marathon,-1.8309348781958639,2.2926698811256907
25,Tití Me Preguntó,0.65,0.715,5,-5.198,0,0.253,0.0993,0.000291,0.126,0.187,106.672,audio_features,1IHWl5LamUGEuP4ozKQSXZ,spotify:track:1IHWl5LamUGEuP4ozKQSXZ,https://api.spotify.com/v1/tracks/1IHWl5LamUGEuP4ozKQSXZ,https://api.spotify.com/v1/audio-analysis/1IHWl5LamUGEuP4ozKQSXZ,243717,4,26,99.867,PCP_Marathon,-0.8813859955271219,1.1036561917555414
26,Vente Pa' Ca (feat. Maluma) - A-Class Remix,0.678,0.968,11,-2.556,0,0.186,0.0145,0.000272,0.668,0.844,104.964,audio_features,3lael4kBpLEm0wHxpAoZqh,spotify:track:3lael4kBpLEm0wHxpAoZqh,https://api.spotify.com/v1/tracks/3lael4kBpLEm0wHxpAoZqh,https://api.spotify.com/v1/audio-analysis/3lael4kBpLEm0wHxpAoZqh,236413,4,27,103.80721666666666,PCP_Marathon,-3.004542982278688,2.5452396077362613
27,Mi Bombom,0.731,0.776,10,-7.599,0,0.0357,0.377,1.49e-06,0.178,0.975,100.112,audio_features,29ET4ONM7UGb5fIbLfHoDK,spotify:track:29ET4ONM7UGb5fIbLfHoDK,https://api.spotify.com/v1/tracks/29ET4ONM7UGb5fIbLfHoDK,https://api.spotify.com/v1/audio-analysis/29ET4ONM7UGb5fIbLfHoDK,193947,4,28,107.03966666666666,PCP_Marathon,-1.1507447403515774,0.4535853518762926
28,El Pávido Návido,0.795,0.931,7,-6.949,1,0.0716,0.169,5.56e-05,0.0851,0.971,96.953,audio_features,0sTV1ucJEAj8M15YJQCLsR,spotify:track:0sTV1ucJEAj8M15YJQCLsR,https://api.spotify.com/v1/tracks/0sTV1ucJEAj8M15YJQCLsR,https://api.spotify.com/v1/audio-analysis/0sTV1ucJEAj8M15YJQCLsR,252000,4,29,111.23966666666666,PCP_Marathon,-1.8452650981044716,0.1040600623785173
29,Amor De Estudiante,0.57,0.944,1,-10.126,1,0.0332,0.00204,0.00169,0.217,0.95,148.17,audio_features,3CdlZGFrzrLFqnZZq7OCJl,spotify:track:3CdlZGFrzrLFqnZZq7OCJl,https://api.spotify.com/v1/tracks/3CdlZGFrzrLFqnZZq7OCJl,https://api.spotify.com/v1/audio-analysis/3CdlZGFrzrLFqnZZq7OCJl,193067,4,30,114.45745,PCP_Marathon,-1.4759309902885394,-0.8273262955969365
30,Tacones Rojos,0.748,0.856,11,-3.517,0,0.0348,0.0824,0.0,0.142,0.927,123.031,audio_features,0Be7sopyKMv8Y8npsUkax2,spotify:track:0Be7sopyKMv8Y8npsUkax2,https://api.spotify.com/v1/tracks/0Be7sopyKMv8Y8npsUkax2,https://api.spotify.com/v1/audio-analysis/0Be7sopyKMv8Y8npsUkax2,189320,4,31,117.61278333333334,PCP_Marathon,-2.1023663612650973,-0.5821798410934914
31,Perra,0.737,0.627,9,-9.631,1,0.0911,0.0188,0.00305,0.23,0.598,115.086,audio_features,5Q27cpHUDQPttnB0xH7oBh,spotify:track:5Q27cpHUDQPttnB0xH7oBh,https://api.spotify.com/v1/tracks/5Q27cpHUDQPttnB0xH7oBh,https://api.spotify.com/v1/audio-analysis/5Q27cpHUDQPttnB0xH7oBh,216491,4,32,121.22096666666667,PCP_Marathon,-0.862780087780514,0.35839388461823835
32,Ay Mamá,0.687,0.56,1,-6.399,1,0.0364,0.133,7.45e-06,0.146,0.32,126.995,audio_features,0khVEzctbwmqLvOpg1ecbg,spotify:track:0khVEzctbwmqLvOpg1ecbg,https://api.spotify.com/v1/tracks/0khVEzctbwmqLvOpg1ecbg,https://api.spotify.com/v1/audio-analysis/0khVEzctbwmqLvOpg1ecbg,181695,4,33,124.24921666666667,PCP_Marathon,-0.3373655976426768,-0.5593672684686805
33,Vino Tinto,0.694,0.935,7,-3.215,1,0.105,0.359,0.0,0.0324,0.797,92.478,audio_features,15m2Op4d1ZtX0ScPaDNKcd,spotify:track:15m2Op4d1ZtX0ScPaDNKcd,https://api.spotify.com/v1/tracks/15m2Op4d1ZtX0ScPaDNKcd,https://api.spotify.com/v1/audio-analysis/15m2Op4d1ZtX0ScPaDNKcd,198560,4,34,127.55855,PCP_Marathon,-1.569698799340975,0.294343557169155
34,Paseo,0.726,0.55,0,-9.676,1,0.0445,0.432,0.0,0.155,0.84,102.021,audio_features,6pWeJvzpQR1ihiUSJklOzD,spotify:track:6pWeJvzpQR1ihiUSJklOzD,https://api.spotify.com/v1/tracks/6pWeJvzpQR1ihiUSJklOzD,https://api.spotify.com/v1/audio-analysis/6pWeJvzpQR1ihiUSJklOzD,216440,4,35,131.16588333333334,PCP_Marathon,-0.28726566506632256,0.5906823969277507
35,Tu Calorro,0.713,0.768,0,-9.115,1,0.0662,0.229,0.0,0.447,0.962,88.012,audio_features,0DXI6c9tNWsI4tvUftkQN8,spotify:track:0DXI6c9tNWsI4tvUftkQN8,https://api.spotify.com/v1/tracks/0DXI6c9tNWsI4tvUftkQN8,https://api.spotify.com/v1/audio-analysis/0DXI6c9tNWsI4tvUftkQN8,190627,4,36,134.343,PCP_Marathon,-1.3789714202466448,1.72384263110532
36,Dancing Queen - From 'Mamma Mia!' Original Motion Picture Soundtrack,0.551,0.951,9,-3.395,1,0.0717,0.0242,2.91e-06,0.156,0.509,99.992,audio_features,33trZRsRCHDPemnACBcLJJ,spotify:track:33trZRsRCHDPemnACBcLJJ,https://api.spotify.com/v1/tracks/33trZRsRCHDPemnACBcLJJ,https://api.spotify.com/v1/audio-analysis/33trZRsRCHDPemnACBcLJJ,244227,4,37,138.41345,PCP_Marathon,-1.3654856429937827,-0.16949078935713255
37,La Revolución Sexual,0.686,0.877,0,-5.201,1,0.0373,0.00254,0.000977,0.0791,0.396,117.01,audio_features,5zHvsFZoCzLmhbRbYDkg42,spotify:track:5zHvsFZoCzLmhbRbYDkg42,https://api.spotify.com/v1/tracks/5zHvsFZoCzLmhbRbYDkg42,https://api.spotify.com/v1/audio-analysis/5zHvsFZoCzLmhbRbYDkg42,274160,4,38,142.98278333333334,PCP_Marathon,-1.1624790510405787,-0.9525251979110563
38,Born to Be Alive - The Original,0.704,0.868,2,-5.808,1,0.0315,0.0834,0.0,0.206,0.808,131.468,audio_features,3XIEWK1V9n25PS9Vb6axj5,spotify:track:3XIEWK1V9n25PS9Vb6axj5,https://api.spotify.com/v1/tracks/3XIEWK1V9n25PS9Vb6axj5,https://api.spotify.com/v1/audio-analysis/3XIEWK1V9n25PS9Vb6axj5,188133,4,39,146.11833333333334,PCP_Marathon,-1.7335951768210436,-0.5371534945902243
39,Take on Me,0.573,0.902,6,-7.638,0,0.054,0.018,0.00125,0.0928,0.876,84.412,audio_features,2n0FNnk3Mjulyd4Pu9JV7M,spotify:track:2n0FNnk3Mjulyd4Pu9JV7M,https://api.spotify.com/v1/tracks/2n0FNnk3Mjulyd4Pu9JV7M,https://api.spotify.com/v1/audio-analysis/2n0FNnk3Mjulyd4Pu9JV7M,225280,4,40,149.873,PCP_Marathon,-1.1754890189484888,-0.011245257579364046
40,Sweet Child O' Mine,0.449,0.901,6,-7.711,1,0.0526,0.141,0.0675,0.128,0.696,125.148,audio_features,4MhTFsyqIJnjsOweVcU8ug,spotify:track:4MhTFsyqIJnjsOweVcU8ug,https://api.spotify.com/v1/tracks/4MhTFsyqIJnjsOweVcU8ug,https://api.spotify.com/v1/audio-analysis/4MhTFsyqIJnjsOweVcU8ug,356400,4,41,155.813,PCP_Marathon,-0.6729743673608244,-0.5994956556944372
41,Human,0.557,0.8,10,-8.477,1,0.0601,0.00132,0.0012,0.0906,0.582,135.47,audio_features,1sTsuZTdANkiFd7T34H3nb,spotify:track:1sTsuZTdANkiFd7T34H3nb,https://api.spotify.com/v1/tracks/1sTsuZTdANkiFd7T34H3nb,https://api.spotify.com/v1/audio-analysis/1sTsuZTdANkiFd7T34H3nb,245373,4,42,159.90255,PCP_Marathon,-0.7665122556691323,-0.9403168090649657
42,Blinding Lights,0.514,0.73,1,-5.934,1,0.0598,0.00146,9.54e-05,0.0897,0.334,171.005,audio_features,0VjIjW4GlUZAMYd2vXMi3b,spotify:track:0VjIjW4GlUZAMYd2vXMi3b,https://api.spotify.com/v1/tracks/0VjIjW4GlUZAMYd2vXMi3b,https://api.spotify.com/v1/audio-analysis/0VjIjW4GlUZAMYd2vXMi3b,200040,4,43,163.23655,PCP_Marathon,-0.6591835629680861,-1.6911451337056274
43,Rise (Sam Feldt Remix),0.695,0.74,10,-6.97,1,0.0371,0.0155,0.0,0.143,0.455,122.051,audio_features,2PI3dfxZWkaEpBoCJq56RK,spotify:track:2PI3dfxZWkaEpBoCJq56RK,https://api.spotify.com/v1/tracks/2PI3dfxZWkaEpBoCJq56RK,https://api.spotify.com/v1/audio-analysis/2PI3dfxZWkaEpBoCJq56RK,162541,4,44,165.94556666666668,PCP_Marathon,-0.9006835842102593,-0.6590875896736691
44,The Nights,0.527,0.835,6,-5.298,1,0.0433,0.0166,0.0,0.249,0.654,125.983,audio_features,0ct6r3EGTcMLPtrXHDvVjc,spotify:track:0ct6r3EGTcMLPtrXHDvVjc,https://api.spotify.com/v1/tracks/0ct6r3EGTcMLPtrXHDvVjc,https://api.spotify.com/v1/audio-analysis/0ct6r3EGTcMLPtrXHDvVjc,176658,4,45,168.88986666666668,PCP_Marathon,-1.248314060064827,-0.3669763300590544
45,Nothing Breaks Like a Heart (feat. Miley Cyrus),0.601,0.794,7,-5.844,0,0.0671,0.00987,1.36e-06,0.418,0.244,114.066,audio_features,02dRkCEc8Q5ch4TTcnLxOn,spotify:track:02dRkCEc8Q5ch4TTcnLxOn,https://api.spotify.com/v1/tracks/02dRkCEc8Q5ch4TTcnLxOn,https://api.spotify.com/v1/audio-analysis/02dRkCEc8Q5ch4TTcnLxOn,217099,4,46,172.50818333333333,PCP_Marathon,-0.9544678113654851,0.5446139490174109
46,Titanium (feat. Sia),0.604,0.787,0,-3.674,0,0.103,0.0679,0.15,0.127,0.301,126.062,audio_features,2dOTkLZFbpNXrhc24CnTFd,spotify:track:2dOTkLZFbpNXrhc24CnTFd,https://api.spotify.com/v1/tracks/2dOTkLZFbpNXrhc24CnTFd,https://api.spotify.com/v1/audio-analysis/2dOTkLZFbpNXrhc24CnTFd,245040,4,47,176.59218333333334,PCP_Marathon,-0.8640063627180979,-0.47325969782852023
47,Dancing On My Own,0.674,0.857,6,-5.328,1,0.0346,0.0557,0.196,0.0942,0.278,117.028,audio_features,6aqNCrRA7vs7v6QvRpI50t,spotify:track:6aqNCrRA7vs7v6QvRpI50t,https://api.spotify.com/v1/tracks/6aqNCrRA7vs7v6QvRpI50t,https://api.spotify.com/v1/audio-analysis/6aqNCrRA7vs7v6QvRpI50t,285854,4,48,181.35641666666666,PCP_Marathon,-0.6971235520205702,-0.9548278165851408
48,Ca plane pour moi,0.422,0.943,10,-4.365,1,0.0954,0.074,6.83e-05,0.105,0.845,165.764,audio_features,71yCMlsD6qbD7NmNUEoVNR,spotify:track:71yCMlsD6qbD7NmNUEoVNR,https://api.spotify.com/v1/tracks/71yCMlsD6qbD7NmNUEoVNR,https://api.spotify.com/v1/audio-analysis/71yCMlsD6qbD7NmNUEoVNR,182133,4,49,184.39196666666666,PCP_Marathon,-1.6192696202830998,-1.205547539689042
49,"Vivaldi: The Four Seasons, Violin Concerto in G Minor, Op. 8 No. 2, RV 315 ""Summer"": III. Presto",0.362,0.569,7,-15.394,0,0.0345,0.876,0.91,0.327,0.746,148.692,audio_features,2nnXe7n3Vivs7OfQKRsfWD,spotify:track:2nnXe7n3Vivs7OfQKRsfWD,https://api.spotify.com/v1/tracks/2nnXe7n3Vivs7OfQKRsfWD,https://api.spotify.com/v1/audio-analysis/2nnXe7n3Vivs7OfQKRsfWD,173427,3,50,187.28241666666668,PCP_Marathon,2.2486461809361953,0.4660972396845356
50,"Requiem in D Minor, K. 626: 3. Sequentia: Dies irae - Live",0.46,0.387,7,-13.384,0,0.0311,0.934,0.279,0.48,0.513,72.376,audio_features,2d7C38EFmRjhBoDVQlkBwq,spotify:track:2d7C38EFmRjhBoDVQlkBwq,https://api.spotify.com/v1/tracks/2d7C38EFmRjhBoDVQlkBwq,https://api.spotify.com/v1/audio-analysis/2d7C38EFmRjhBoDVQlkBwq,119000,4,51,189.26575,PCP_Marathon,2.088680360368641,2.680402555041323
51,Storm,0.507,0.415,7,-12.832,1,0.0366,0.35,0.859,0.0806,0.375,83.635,audio_features,6JNrZTngsgMzHVxKXAUt4A,spotify:track:6JNrZTngsgMzHVxKXAUt4A,https://api.spotify.com/v1/tracks/6JNrZTngsgMzHVxKXAUt4A,https://api.spotify.com/v1/audio-analysis/6JNrZTngsgMzHVxKXAUt4A,155563,3,52,191.85846666666666,PCP_Marathon,2.2918493084145473,0.11116226712550932
52,Dies Irae,0.272,0.346,0,-14.01,0,0.0317,0.926,0.931,0.0772,0.24,79.773,audio_features,3By9jCy6b4dv5XnlhvIWwx,spotify:track:3By9jCy6b4dv5XnlhvIWwx,https://api.spotify.com/v1/tracks/3By9jCy6b4dv5XnlhvIWwx,https://api.spotify.com/v1/audio-analysis/3By9jCy6b4dv5XnlhvIWwx,134747,4,53,194.10425,PCP_Marathon,4.009360541022359,0.7344993301127039
53,Is She With You? - Wonder Woman Theme,0.215,0.559,2,-15.129,0,0.0586,0.027,0.825,0.0861,0.0588,141.82,audio_features,4BFBElI73LzkLOBru4TKVv,spotify:track:4BFBElI73LzkLOBru4TKVv,https://api.spotify.com/v1/tracks/4BFBElI73LzkLOBru4TKVv,https://api.spotify.com/v1/audio-analysis/4BFBElI73LzkLOBru4TKVv,346744,1,54,199.88331666666667,PCP_Marathon,2.6108972001826873,-1.3467570007244618
54,Jolene - Destructo Remix,0.829,0.822,1,-5.909,0,0.238,0.0691,0.000363,0.551,0.552,122.057,audio_features,6XzM8wBEznCteSOdeHMyTE,spotify:track:6XzM8wBEznCteSOdeHMyTE,https://api.spotify.com/v1/tracks/6XzM8wBEznCteSOdeHMyTE,https://api.spotify.com/v1/audio-analysis/6XzM8wBEznCteSOdeHMyTE,308877,4,55,205.03126666666665,PCP_Marathon,-2.3825747442809897,2.352033094471108
55,Unstoppable,0.582,0.921,6,-3.452,0,0.254,0.000917,0.000231,0.358,0.426,120.152,audio_features,6Sg6Zpg3jKGhS0drWoawRt,spotify:track:6Sg6Zpg3jKGhS0drWoawRt,https://api.spotify.com/v1/tracks/6Sg6Zpg3jKGhS0drWoawRt,https://api.spotify.com/v1/audio-analysis/6Sg6Zpg3jKGhS0drWoawRt,156000,4,56,207.63126666666668,PCP_Marathon,-1.9949679682184653,1.5028916153166028
56,Un Deux (Summertime),0.858,0.417,11,-6.956,1,0.0499,0.0152,0.00527,0.119,0.486,127.994,audio_features,0TJKzmmVgS0tzUJqSXgY7x,spotify:track:0TJKzmmVgS0tzUJqSXgY7x,https://api.spotify.com/v1/tracks/0TJKzmmVgS0tzUJqSXgY7x,https://api.spotify.com/v1/audio-analysis/0TJKzmmVgS0tzUJqSXgY7x,146250,4,57,210.06876666666668,PCP_Marathon,-0.7569644752399798,-0.5190220434030043
57,Do It To It,0.854,0.806,11,-8.262,0,0.0886,0.0209,0.0542,0.0703,0.637,124.927,audio_features,20on25jryn53hWghthWWW3,spotify:track:20on25jryn53hWghthWWW3,https://api.spotify.com/v1/tracks/20on25jryn53hWghthWWW3,https://api.spotify.com/v1/audio-analysis/20on25jryn53hWghthWWW3,157890,4,58,212.70026666666666,PCP_Marathon,-1.469051605148787,-0.5192179271765135
58,The Age Of Love - Charlotte de Witte & Enrico Sangiuliano Remix,0.748,0.909,5,-8.322,0,0.0505,0.0576,0.89,0.0945,0.0617,130.0,audio_features,6X6Ow0iioCrYQSK1QDHQbC,spotify:track:6X6Ow0iioCrYQSK1QDHQbC,https://api.spotify.com/v1/tracks/6X6Ow0iioCrYQSK1QDHQbC,https://api.spotify.com/v1/audio-analysis/6X6Ow0iioCrYQSK1QDHQbC,489480,4,59,220.85826666666668,PCP_Marathon,0.20340964258483726,-1.3417118273442163
59,Hello (feat. Dragonette),0.666,0.975,3,-3.47,1,0.0345,0.0135,0.000925,0.105,0.452,128.005,audio_features,3sl4dcqSwxHVnLfqwF2jly,spotify:track:3sl4dcqSwxHVnLfqwF2jly,https://api.spotify.com/v1/tracks/3sl4dcqSwxHVnLfqwF2jly,https://api.spotify.com/v1/audio-analysis/3sl4dcqSwxHVnLfqwF2jly,191388,4,60,224.04806666666667,PCP_Marathon,-1.6026302332226208,-1.1424769710818428
60,Blue Monday '88,0.681,0.893,7,-8.485,1,0.0378,6.47e-05,0.383,0.0626,0.951,130.475,audio_features,31MOjWj3CT3dCQsMV2b8Wu,spotify:track:31MOjWj3CT3dCQsMV2b8Wu,https://api.spotify.com/v1/tracks/31MOjWj3CT3dCQsMV2b8Wu,https://api.spotify.com/v1/audio-analysis/31MOjWj3CT3dCQsMV2b8Wu,244720,4,61,228.12673333333333,PCP_Marathon,-1.2091164157900758,-1.149166715872243
61,When Doves Cry,0.729,0.989,9,-4.613,0,0.049,0.0102,4.43e-05,0.443,0.841,126.468,audio_features,4zTFmLbbXXvCORaBfF3RuN,spotify:track:4zTFmLbbXXvCORaBfF3RuN,https://api.spotify.com/v1/tracks/4zTFmLbbXXvCORaBfF3RuN,https://api.spotify.com/v1/audio-analysis/4zTFmLbbXXvCORaBfF3RuN,352906,4,62,234.0085,PCP_Marathon,-2.5190402259753593,0.3795709723235536
62,Waka Waka (This Time for Africa) [The Official 2010 FIFA World Cup (TM) Song] (feat. Freshlyground),0.766,0.873,11,-6.381,0,0.143,0.00627,0.0,0.0764,0.743,126.988,audio_features,2Cd9iWfcOpGDHLz6tVA3G4,spotify:track:2Cd9iWfcOpGDHLz6tVA3G4,https://api.spotify.com/v1/tracks/2Cd9iWfcOpGDHLz6tVA3G4,https://api.spotify.com/v1/audio-analysis/2Cd9iWfcOpGDHLz6tVA3G4,202627,4,63,237.38561666666666,PCP_Marathon,-1.918133460613116,-0.20095039672684328
63,Mon Amour - Remix,0.748,0.761,2,-6.621,1,0.102,0.122,6.56e-06,0.0984,0.362,116.041,audio_features,5TMLavqGRKNxgzMBrVpC9R,spotify:track:5TMLavqGRKNxgzMBrVpC9R,https://api.spotify.com/v1/tracks/5TMLavqGRKNxgzMBrVpC9R,https://api.spotify.com/v1/audio-analysis/5TMLavqGRKNxgzMBrVpC9R,179940,4,64,240.38461666666666,PCP_Marathon,-0.9246093901498056,-0.1508794820495454
64,The story,0.715,0.745,7,-9.084,0,0.0423,0.12,0.00115,0.206,0.566,124.01,audio_features,7DpJ69eTLPNeJ5y3EPjvzi,spotify:track:7DpJ69eTLPNeJ5y3EPjvzi,https://api.spotify.com/v1/tracks/7DpJ69eTLPNeJ5y3EPjvzi,https://api.spotify.com/v1/audio-analysis/7DpJ69eTLPNeJ5y3EPjvzi,218331,4,65,244.02346666666668,PCP_Marathon,-0.8398246923366511,-0.2223944885748944
65,Gloria,0.775,0.866,9,-3.598,1,0.0295,0.135,0.0376,0.152,0.875,131.338,audio_features,15ob9SMGLWrexuPuyuMjKl,spotify:track:15ob9SMGLWrexuPuyuMjKl,https://api.spotify.com/v1/tracks/15ob9SMGLWrexuPuyuMjKl,https://api.spotify.com/v1/audio-analysis/15ob9SMGLWrexuPuyuMjKl,295067,4,66,248.94125,PCP_Marathon,-2.0498154720828023,-0.7000386106684282
66,Play Hard (feat. Ne-Yo & Akon) - New Edit,0.723,0.87,8,-3.013,0,0.0435,0.035,0.0,0.656,0.678,129.952,audio_features,16Cs9KsHzgunxaEfGrXysG,spotify:track:16Cs9KsHzgunxaEfGrXysG,https://api.spotify.com/v1/tracks/16Cs9KsHzgunxaEfGrXysG,https://api.spotify.com/v1/audio-analysis/16Cs9KsHzgunxaEfGrXysG,208845,4,67,252.422,PCP_Marathon,-2.449076555275241,1.059998315537895
67,Tu Es Foutu,0.787,0.615,11,-10.815,1,0.0975,0.0895,0.0101,0.0799,0.43,130.008,audio_features,0RgUxB0pyyzPm5apCmBnHZ,spotify:track:0RgUxB0pyyzPm5apCmBnHZ,https://api.spotify.com/v1/tracks/0RgUxB0pyyzPm5apCmBnHZ,https://api.spotify.com/v1/audio-analysis/0RgUxB0pyyzPm5apCmBnHZ,123904,4,68,254.48706666666666,PCP_Marathon,-0.4630479377356695,-0.34033064826600823
68,The Final Countdown,0.529,0.843,6,-6.908,0,0.0616,0.0628,0.000827,0.0608,0.188,117.662,audio_features,3MrRksHupTVEQ7YbA0FsZK,spotify:track:3MrRksHupTVEQ7YbA0FsZK,https://api.spotify.com/v1/tracks/3MrRksHupTVEQ7YbA0FsZK,https://api.spotify.com/v1/audio-analysis/3MrRksHupTVEQ7YbA0FsZK,310333,4,69,259.65928333333335,PCP_Marathon,-0.27048397046559325,-0.8425047015447337
69,Tonight Is The Night,0.811,0.739,11,-7.196,0,0.0451,0.00606,8.07e-06,0.397,0.854,133.636,audio_features,48QeTvEsFix8GaYm7dzFaD,spotify:track:48QeTvEsFix8GaYm7dzFaD,https://api.spotify.com/v1/tracks/48QeTvEsFix8GaYm7dzFaD,https://api.spotify.com/v1/audio-analysis/48QeTvEsFix8GaYm7dzFaD,234200,4,70,263.56261666666666,PCP_Marathon,-1.9854828148953576,0.2749326125313302
70,Best Day Of My Life - Gazzo Remix,0.632,0.966,11,-1.562,0,0.0812,0.0121,0.000935,0.253,0.435,124.999,audio_features,1eiXLANaZCSKIfDmwTorg5,spotify:track:1eiXLANaZCSKIfDmwTorg5,https://api.spotify.com/v1/tracks/1eiXLANaZCSKIfDmwTorg5,https://api.spotify.com/v1/audio-analysis/1eiXLANaZCSKIfDmwTorg5,197760,4,71,266.85861666666665,PCP_Marathon,-1.9265781851010881,-0.2603727050327639
71,Played-A-Live (The Bongo Song),0.634,0.97,8,-9.555,0,0.0568,0.0156,0.905,0.351,0.215,138.009,audio_features,2xHN3lv6W2qlHSaoRsL2bL,spotify:track:2xHN3lv6W2qlHSaoRsL2bL,https://api.spotify.com/v1/tracks/2xHN3lv6W2qlHSaoRsL2bL,https://api.spotify.com/v1/audio-analysis/2xHN3lv6W2qlHSaoRsL2bL,405693,4,72,273.62016666666665,PCP_Marathon,-0.05806807531217567,-0.5528468120160656
72,Sandstorm,0.528,0.965,11,-7.984,0,0.0465,0.141,0.985,0.0797,0.587,136.065,audio_features,6Sy9BUbgFse0n0LPA5lwy5,spotify:track:6Sy9BUbgFse0n0LPA5lwy5,https://api.spotify.com/v1/tracks/6Sy9BUbgFse0n0LPA5lwy5,https://api.spotify.com/v1/audio-analysis/6Sy9BUbgFse0n0LPA5lwy5,225493,4,73,277.3783833333333,PCP_Marathon,0.10087988725521455,-1.3941008716103376
73,Requiem For A Tower,0.167,0.653,7,-8.967,0,0.0496,0.331,0.96,0.117,0.193,78.48,audio_features,7KikdALW1qfjJWEOKvQfzP,spotify:track:7KikdALW1qfjJWEOKvQfzP,https://api.spotify.com/v1/tracks/7KikdALW1qfjJWEOKvQfzP,https://api.spotify.com/v1/audio-analysis/7KikdALW1qfjJWEOKvQfzP,249427,4,74,281.5355,PCP_Marathon,2.5044509527466152,-0.0006543794747269625
74,Courtyard Apocalypse,0.137,0.313,1,-17.088,1,0.0386,0.487,0.918,0.111,0.131,97.365,audio_features,5s9J2tSD2NGzr82jW87gw1,spotify:track:5s9J2tSD2NGzr82jW87gw1,https://api.spotify.com/v1/tracks/5s9J2tSD2NGzr82jW87gw1,https://api.spotify.com/v1/audio-analysis/5s9J2tSD2NGzr82jW87gw1,120387,4,75,283.54195,PCP_Marathon,4.188821098259523,0.088422840160768
75,Voldemort's End,0.113,0.219,1,-18.626,1,0.0529,0.641,0.904,0.105,0.0319,93.873,audio_features,1IO6EZbjAf4T5q4nv4oMSQ,spotify:track:1IO6EZbjAf4T5q4nv4oMSQ,https://api.spotify.com/v1/tracks/1IO6EZbjAf4T5q4nv4oMSQ,https://api.spotify.com/v1/audio-analysis/1IO6EZbjAf4T5q4nv4oMSQ,164213,3,76,286.27883333333335,PCP_Marathon,4.851627571240081,0.4649297623928087
76,Strength of a Thousand Men,0.478,0.906,0,-6.781,0,0.0419,0.0962,0.919,0.115,0.59,140.021,audio_features,3GJZLvGXaVszYdSBLMtJFX,spotify:track:3GJZLvGXaVszYdSBLMtJFX,https://api.spotify.com/v1/tracks/3GJZLvGXaVszYdSBLMtJFX,https://api.spotify.com/v1/audio-analysis/3GJZLvGXaVszYdSBLMtJFX,136892,4,77,288.56036666666665,PCP_Marathon,0.03344095643598442,-1.402267288330957
77,"TRON Legacy (End Titles) - From ""TRON: Legacy""/Score",0.43,0.829,1,-9.142,0,0.043,1.62e-05,0.879,0.358,0.0406,101.974,audio_features,0mHayzmzEB485RkUCETcCL,spotify:track:0mHayzmzEB485RkUCETcCL,https://api.spotify.com/v1/tracks/0mHayzmzEB485RkUCETcCL,https://api.spotify.com/v1/audio-analysis/0mHayzmzEB485RkUCETcCL,197827,4,78,291.85748333333333,PCP_Marathon,0.9875635535280479,-0.03079932648277546
78,To Victory,0.443,0.827,1,-11.781,1,0.0469,0.00364,0.836,0.261,0.285,140.014,audio_features,0PQfyDuJBxQhx3NTUsAYiC,spotify:track:0PQfyDuJBxQhx3NTUsAYiC,https://api.spotify.com/v1/tracks/0PQfyDuJBxQhx3NTUsAYiC,https://api.spotify.com/v1/audio-analysis/0PQfyDuJBxQhx3NTUsAYiC,153720,1,79,294.41948333333335,PCP_Marathon,0.8079533363979953,-0.8788275271105442
79,The Avengers,0.25,0.553,7,-8.188,1,0.0429,0.606,0.673,0.145,0.226,118.985,audio_features,5SXsXjVJCWeJuf7FHvgBYR,spotify:track:5SXsXjVJCWeJuf7FHvgBYR,https://api.spotify.com/v1/tracks/5SXsXjVJCWeJuf7FHvgBYR,https://api.spotify.com/v1/audio-analysis/5SXsXjVJCWeJuf7FHvgBYR,123360,4,80,296.47548333333333,PCP_Marathon,2.2049762791107668,-0.17384284752824652
80,Divine Hammer,0.307,0.701,11,-10.546,0,0.0658,0.0307,0.817,0.0953,0.0862,140.131,audio_features,16t3wvIODRjSJQchL432vG,spotify:track:16t3wvIODRjSJQchL432vG,https://api.spotify.com/v1/tracks/16t3wvIODRjSJQchL432vG,https://api.spotify.com/v1/audio-analysis/16t3wvIODRjSJQchL432vG,152218,4,81,299.01245,PCP_Marathon,1.6116958186455586,-1.3636837431260556
81,The Ritual,0.399,0.692,7,-10.19,0,0.0735,0.0509,0.951,0.113,0.0752,170.993,audio_features,3g68Xeeg1mei9te90np4iw,spotify:track:3g68Xeeg1mei9te90np4iw,https://api.spotify.com/v1/tracks/3g68Xeeg1mei9te90np4iw,https://api.spotify.com/v1/audio-analysis/3g68Xeeg1mei9te90np4iw,168869,4,82,301.82693333333333,PCP_Marathon,1.368891205483669,-1.8033150869174208
82,Aqua Vitae,0.25,0.788,0,-7.263,0,0.0574,0.0444,0.919,0.0904,0.0344,129.733,audio_features,7xyTwfEZREkNAajaaAAZRN,spotify:track:7xyTwfEZREkNAajaaAAZRN,https://api.spotify.com/v1/tracks/7xyTwfEZREkNAajaaAAZRN,https://api.spotify.com/v1/audio-analysis/7xyTwfEZREkNAajaaAAZRN,155912,3,83,304.4254666666667,PCP_Marathon,1.495847178528138,-1.426960965742711
